timestamp,elapsed_ms,PT0_psi,PT1_psi,PT2_psi,PT3_psi,PT4_psi,PT5_psi,PT6_psi,PT7_psi,PT8_psi,PT9_psi,PT10_psi,PT11_psi,PT12_psi,PT13_psi,PT14_psi,PT15_psi,PT0_mA,PT1_mA,PT2_mA,PT3_mA,PT4_mA,PT5_mA,PT6_mA,PT7_mA,PT8_mA,PT9_mA,PT10_mA,PT11_mA,PT12_mA,PT13_mA,PT14_mA,PT15_mA,LC0_lbf,LC1_lbf,LC2_lbf,LC3_lbf,LC0_VperV,LC1_VperV,LC2_VperV,LC3_VperV
2025-10-16T12:28:36.812134Z,15,,,,,,,,,,,,,,,,,,,,,,,,,,,,,,,,,0.0,0.0,0.0,-2.91,0.0,0.0,0.0,0.0
2025-10-16T12:28:36.932600Z,136,,,,,,,,,,,,,,,,,,,,,,,,,,,,,,,,,-376.829,-134.156,149.259,-1182.331,-0.012937,-0.022453,0.024981,-0.01984
2025-10-16T12:28:37.029918Z,233,,,,,,,,,,,,,,,,,,,,,,,,,,,,,,,,,246.886,-149.164,149.259,-1383.807,0.008476,-0.024965,0.024981,-0.023229
2025-10-16T12:28:37.107066Z,310,,,,,,,,,,,,,,,,,,,,,,,,,,,,,,,,,728.263,-94.223,149.259,-1386.449,0.025002,-0.01577,0.024981,-0.023273
2025-10-16T12:28:37.211856Z,415,,,,,,,,,,,,,,,,,,,,,,,,,,,,,,,,,69.962,-26.385,99.816,-1411.004,0.002402,-0.004416,0.016706,-0.023687
2025-10-16T12:28:37.326610Z,530,,,,,,,,,,,,,,,,,,,,,,,,,,,,,,,,,-373.879,-16.408,-141.511,-936.108,-0.012836,-0.002746,-0.023684,-0.015698
2025-10-16T12:28:37.424344Z,628,,,,,,,,,,,,,,,,,,,,,,,,,,,,,,,,,-420.683,-11.574,-149.271,-345.267,-0.014443,-0.001937,-0.024983,-0.005759
2025-10-16T12:28:37.516171Z,719,,,,,,,,,,,,,,,,,,,,,,,,,,,,,,,,,-380.586,-6.6,-135.088,32.731,-0.013066,-0.001105,-0.022609,0.0006
2025-10-16T12:28:37.604049Z,807,,,,,,,,,,,,,,,,,,,,,,,,,,,,,,,,,-318.276,-6.55,-117.298,186.448,-0.010927,-0.001096,-0.019632,0.003185
2025-10-16T12:28:37.708139Z,911,,,,,,,,,,,,,,,,,,,,,,,,,,,,,,,,,-332.64,-10.252,-107.917,194.595,-0.01142,-0.001716,-0.018062,0.003322
2025-10-16T12:28:37.815997Z,1019,,,,,,,,,,,,,,,,,,,,,,,,,,,,,,,,,-339.024,-13.211,-104.963,204.444,-0.011639,-0.002211,-0.017567,0.003488
2025-10-16T12:28:37.906831Z,1110,,,,,,,,,,,,,,,,,,,,,,,,,,,,,,,,,-361.123,-15.772,-105.304,204.943,-0.012398,-0.00264,-0.017624,0.003496
2025-10-16T12:28:38.010126Z,1213,,,,,,,,,,,,,,,,,,,,,,,,,,,,,,,,,-390.53,-11.583,-105.22,197.157,-0.013407,-0.001939,-0.01761,0.003365
2025-10-16T12:28:38.119669Z,1323,,,,,,,,,,,,,,,,,,,,,,,,,,,,,,,,,-312.124,-9.669,-102.832,199.044,-0.010716,-0.001618,-0.017211,0.003397
2025-10-16T12:28:38.226375Z,1430,,,,,,,,,,,,,,,,,,,,,,,,,,,,,,,,,-327.688,-7.956,-100.558,211.246,-0.01125,-0.001332,-0.01683,0.003602
2025-10-16T12:28:38.308919Z,1512,,,,,,,,,,,,,,,,,,,,,,,,,,,,,,,,,-350.799,-7.081,-98.973,217.71,-0.012043,-0.001185,-0.016565,0.003711
2025-10-16T12:28:38.405362Z,1609,,,,,,,,,,,,,,,,,,,,,,,,,,,,,,,,,-351.143,-7.834,-101.484,223.349,-0.012055,-0.001311,-0.016985,0.003806
2025-10-16T12:28:38.513892Z,1717,,,,,,,,,,,,,,,,,,,,,,,,,,,,,,,,,-346.502,-9.085,-103.108,224.68,-0.011896,-0.001521,-0.017257,0.003828
2025-10-16T12:28:38.619675Z,1823,,,,,,,,,,,,,,,,,,,,,,,,,,,,,,,,,-324.439,-10.998,-102.642,221.805,-0.011138,-0.001841,-0.017179,0.00378
2025-10-16T12:28:38.718523Z,1922,,,,,,,,,,,,,,,,,,,,,,,,,,,,,,,,,-334.11,-8.924,-102.476,224.588,-0.01147,-0.001494,-0.017151,0.003827
2025-10-16T12:28:38.812813Z,2016,,,,,,,,,,,,,,,,,,,,,,,,,,,,,,,,,-346.051,-8.276,-103.264,227.643,-0.01188,-0.001385,-0.017283,0.003878
2025-10-16T12:28:38.911422Z,2115,,,,,,,,,,,,,,,,,,,,,,,,,,,,,,,,,-367.669,-8.267,-103.542,231.448,-0.012623,-0.001384,-0.017329,0.003942
2025-10-16T12:28:39.016053Z,2219,,,,,,,,,,,,,,,,,,,,,,,,,,,,,,,,,-406.051,-10.784,-99.316,223.637,-0.01394,-0.001805,-0.016622,0.003811
2025-10-16T12:28:39.116609Z,2320,,,,,,,,,,,,,,,,,,,,,,,,,,,,,,,,,-383.103,-10.776,-100.063,221.217,-0.013152,-0.001803,-0.016747,0.00377
2025-10-16T12:28:39.222327Z,2426,,,,,,,,,,,,,,,,,,,,,,,,,,,,,,,,,-355.97,-11.227,-101.268,215.896,-0.012221,-0.001879,-0.016949,0.003681
2025-10-16T12:28:39.337924Z,2541,,,,,,,,,,,,,,,,,,,,,,,,,,,,,,,,,-327.603,-12.975,-103.253,227.137,-0.011247,-0.002172,-0.017281,0.00387
2025-10-16T12:28:39.420150Z,2623,,,,,,,,,,,,,,,,,,,,,,,,,,,,,,,,,-352.048,-13.725,-100.802,221.53,-0.012086,-0.002297,-0.016871,0.003775
2025-10-16T12:28:39.529536Z,2733,,,,,,,,,,,,,,,,,,,,,,,,,,,,,,,,,-297.38,-13.963,-97.878,221.628,-0.010209,-0.002337,-0.016381,0.003777
2025-10-16T12:28:39.621221Z,2824,,,,,,,,,,,,,,,,,,,,,,,,,,,,,,,,,-342.56,-12.75,-96.626,234.522,-0.01176,-0.002134,-0.016172,0.003994
2025-10-16T12:28:39.723066Z,2926,,,,,,,,,,,,,,,,,,,,,,,,,,,,,,,,,-336.282,-7.971,-99.562,226.366,-0.011545,-0.001334,-0.016663,0.003857
2025-10-16T12:28:39.823575Z,3027,,,,,,,,,,,,,,,,,,,,,,,,,,,,,,,,,-354.409,-5.148,-100.066,227.123,-0.012167,-0.000862,-0.016748,0.00387
2025-10-16T12:28:39.933025Z,3136,,,,,,,,,,,,,,,,,,,,,,,,,,,,,,,,,-381.095,-4.775,-100.644,229.371,-0.013083,-0.000799,-0.016844,0.003907
2025-10-16T12:28:40.033612Z,3237,,,,,,,,,,,,,,,,,,,,,,,,,,,,,,,,,-333.267,-10.262,-101.792,226.343,-0.011441,-0.001717,-0.017037,0.003856
2025-10-16T12:28:40.138859Z,3342,,,,,,,,,,,,,,,,,,,,,,,,,,,,,,,,,-339.4,-12.779,-100.51,218.342,-0.011652,-0.002139,-0.016822,0.003722
2025-10-16T12:28:40.237566Z,3441,,,,,,,,,,,,,,,,,,,,,,,,,,,,,,,,,-328.237,-13.892,-97.131,217.156,-0.011269,-0.002325,-0.016256,0.003702
2025-10-16T12:28:40.330901Z,3534,,,,,,,,,,,,,,,,,,,,,,,,,,,,,,,,,-325.078,-11.306,-95.277,211.399,-0.01116,-0.001892,-0.015946,0.003605
2025-10-16T12:28:40.431349Z,3635,,,,,,,,,,,,,,,,,,,,,,,,,,,,,,,,,-305.375,-6.407,-95.996,220.527,-0.010484,-0.001072,-0.016067,0.003759
2025-10-16T12:28:40.529728Z,3733,,,,,,,,,,,,,,,,,,,,,,,,,,,,,,,,,-333.733,-4.437,-97.731,215.288,-0.011457,-0.000743,-0.016357,0.00367
2025-10-16T12:28:40.631481Z,3835,,,,,,,,,,,,,,,,,,,,,,,,,,,,,,,,,-367.813,-0.8,-97.806,204.343,-0.012627,-0.000134,-0.016369,0.003486
2025-10-16T12:28:40.725733Z,3929,,,,,,,,,,,,,,,,,,,,,,,,,,,,,,,,,-321.591,0.335,-100.281,208.179,-0.011041,5.6e-05,-0.016784,0.003551
2025-10-16T12:28:40.852346Z,4056,,,,,,,,,,,,,,,,,,,,,,,,,,,,,,,,,-317.575,-3.537,-99.755,220.876,-0.010903,-0.000592,-0.016696,0.003764
2025-10-16T12:28:40.935629Z,4139,,,,,,,,,,,,,,,,,,,,,,,,,,,,,,,,,-342.226,-4.61,-99.299,218.372,-0.011749,-0.000772,-0.016619,0.003722
2025-10-16T12:28:41.035632Z,4239,,,,,,,,,,,,,,,,,,,,,,,,,,,,,,,,,-326.742,-4.246,-96.391,222.113,-0.011217,-0.000711,-0.016133,0.003785
2025-10-16T12:28:41.134736Z,4338,,,,,,,,,,,,,,,,,,,,,,,,,,,,,,,,,-326.737,-6.714,-98.124,227.639,-0.011217,-0.001124,-0.016423,0.003878
2025-10-16T12:28:41.228844Z,4432,,,,,,,,,,,,,,,,,,,,,,,,,,,,,,,,,-341.205,-5.077,-97.545,237.581,-0.011714,-0.00085,-0.016326,0.004045
2025-10-16T12:28:41.328980Z,4532,,,,,,,,,,,,,,,,,,,,,,,,,,,,,,,,,-334.546,-7.306,-97.265,247.582,-0.011485,-0.001223,-0.016279,0.004214
2025-10-16T12:28:41.432455Z,4636,,,,,,,,,,,,,,,,,,,,,,,,,,,,,,,,,-344.589,-7.478,-95.154,250.242,-0.01183,-0.001252,-0.015926,0.004258
2025-10-16T12:28:41.533046Z,4736,,,,,,,,,,,,,,,,,,,,,,,,,,,,,,,,,-350.611,-7.86,-92.979,247.045,-0.012037,-0.001316,-0.015562,0.004205
2025-10-16T12:28:41.638458Z,4842,,,,,,,,,,,,,,,,,,,,,,,,,,,,,,,,,-341.243,-7.503,-93.378,245.356,-0.011715,-0.001256,-0.015628,0.004176
2025-10-16T12:28:41.735152Z,4938,,,,,,,,,,,,,,,,,,,,,,,,,,,,,,,,,-358.231,-6.054,-97.316,243.678,-0.012298,-0.001013,-0.016287,0.004148
2025-10-16T12:28:41.852870Z,5056,,,,,,,,,,,,,,,,,,,,,,,,,,,,,,,,,-346.263,-5.142,-100.953,247.763,-0.011888,-0.000861,-0.016896,0.004217
2025-10-16T12:28:41.929576Z,5133,,,,,,,,,,,,,,,,,,,,,,,,,,,,,,,,,-337.303,0.091,-102.436,246.975,-0.01158,1.5e-05,-0.017144,0.004203
2025-10-16T12:28:42.022314Z,5226,,,,,,,,,,,,,,,,,,,,,,,,,,,,,,,,,-343.527,2.307,-102.484,239.019,-0.011794,0.000386,-0.017152,0.00407
2025-10-16T12:28:42.133993Z,5337,,,,,,,,,,,,,,,,,,,,,,,,,,,,,,,,,-342.029,-0.386,-103.997,232.632,-0.011742,-6.5e-05,-0.017406,0.003962
2025-10-16T12:28:42.221424Z,5425,,,,,,,,,,,,,,,,,,,,,,,,,,,,,,,,,-366.78,-0.522,-108.082,225.162,-0.012592,-8.7e-05,-0.018089,0.003837
2025-10-16T12:28:42.337352Z,5541,,,,,,,,,,,,,,,,,,,,,,,,,,,,,,,,,-339.66,-3.668,-108.603,224.673,-0.011661,-0.000614,-0.018176,0.003828
2025-10-16T12:28:42.431698Z,5635,,,,,,,,,,,,,,,,,,,,,,,,,,,,,,,,,-391.837,-1.725,-108.627,222.933,-0.013452,-0.000289,-0.018181,0.003799
2025-10-16T12:28:42.553903Z,5757,,,,,,,,,,,,,,,,,,,,,,,,,,,,,,,,,-375.484,0.524,-110.394,219.878,-0.012891,8.8e-05,-0.018476,0.003748
2025-10-16T12:28:42.626554Z,5830,,,,,,,,,,,,,,,,,,,,,,,,,,,,,,,,,-364.375,-3.215,-113.873,222.828,-0.012509,-0.000538,-0.019059,0.003797
2025-10-16T12:28:42.742209Z,5945,,,,,,,,,,,,,,,,,,,,,,,,,,,,,,,,,-347.939,-4.036,-112.715,225.932,-0.011945,-0.000675,-0.018865,0.00385
2025-10-16T12:28:42.826439Z,6030,,,,,,,,,,,,,,,,,,,,,,,,,,,,,,,,,-278.324,-5.274,-111.238,226.519,-0.009555,-0.000883,-0.018618,0.003859
2025-10-16T12:28:42.926355Z,6130,,,,,,,,,,,,,,,,,,,,,,,,,,,,,,,,,-349.192,-5.838,-109.946,237.713,-0.011988,-0.000977,-0.018401,0.004048
2025-10-16T12:28:43.044811Z,6248,,,,,,,,,,,,,,,,,,,,,,,,,,,,,,,,,-340.473,-6.432,-108.475,243.45,-0.011689,-0.001077,-0.018155,0.004144
2025-10-16T12:28:43.139966Z,6343,,,,,,,,,,,,,,,,,,,,,,,,,,,,,,,,,-401.154,-7.729,-105.74,243.115,-0.013772,-0.001294,-0.017697,0.004139
2025-10-16T12:28:43.241173Z,6444,,,,,,,,,,,,,,,,,,,,,,,,,,,,,,,,,-426.518,-6.871,-107.488,240.681,-0.014643,-0.00115,-0.01799,0.004098
2025-10-16T12:28:43.343844Z,6547,,,,,,,,,,,,,,,,,,,,,,,,,,,,,,,,,-425.947,-6.461,-104.789,229.758,-0.014623,-0.001081,-0.017538,0.003914
2025-10-16T12:28:43.443537Z,6647,,,,,,,,,,,,,,,,,,,,,,,,,,,,,,,,,-372.327,-8.389,-103.988,229.826,-0.012782,-0.001404,-0.017404,0.003915
2025-10-16T12:28:43.547405Z,6751,,,,,,,,,,,,,,,,,,,,,,,,,,,,,,,,,-380.229,-6.86,-104.336,233.244,-0.013054,-0.001148,-0.017462,0.003973
2025-10-16T12:28:43.647875Z,6851,,,,,,,,,,,,,,,,,,,,,,,,,,,,,,,,,-359.238,-7.277,-104.826,238.421,-0.012333,-0.001218,-0.017544,0.00406
2025-10-16T12:28:43.748103Z,6951,,,,,,,,,,,,,,,,,,,,,,,,,,,,,,,,,-371.294,-5.139,-101.657,236.548,-0.012747,-0.00086,-0.017014,0.004028
2025-10-16T12:28:43.841556Z,7045,,,,,,,,,,,,,,,,,,,,,,,,,,,,,,,,,-403.58,-4.947,-100.492,235.556,-0.013855,-0.000828,-0.016819,0.004011
2025-10-16T12:28:43.942310Z,7146,,,,,,,,,,,,,,,,,,,,,,,,,,,,,,,,,-360.742,-6.398,-103.451,228.468,-0.012385,-0.001071,-0.017314,0.003892
2025-10-16T12:28:44.057640Z,7261,,,,,,,,,,,,,,,,,,,,,,,,,,,,,,,,,-385.772,-7.37,-101.135,226.3,-0.013244,-0.001233,-0.016927,0.003856
2025-10-16T12:28:44.158872Z,7362,,,,,,,,,,,,,,,,,,,,,,,,,,,,,,,,,-310.371,-10.59,-97.987,217.709,-0.010655,-0.001772,-0.0164,0.003711
2025-10-16T12:28:44.248224Z,7451,,,,,,,,,,,,,,,,,,,,,,,,,,,,,,,,,-368.229,-11.273,-95.8,224.859,-0.012642,-0.001887,-0.016034,0.003831
2025-10-16T12:28:44.349467Z,7553,,,,,,,,,,,,,,,,,,,,,,,,,,,,,,,,,-406.463,-12.503,-93.428,232.821,-0.013954,-0.002093,-0.015637,0.003965
2025-10-16T12:28:44.449472Z,7653,,,,,,,,,,,,,,,,,,,,,,,,,,,,,,,,,-421.158,-10.985,-95.484,243.453,-0.014459,-0.001839,-0.015981,0.004144
2025-10-16T12:28:44.550042Z,7753,,,,,,,,,,,,,,,,,,,,,,,,,,,,,,,,,-418.777,-11.725,-95.897,236.972,-0.014377,-0.001962,-0.01605,0.004035
2025-10-16T12:28:44.666990Z,7870,,,,,,,,,,,,,,,,,,,,,,,,,,,,,,,,,-403.36,-11.159,-95.82,221.1,-0.013848,-0.001868,-0.016037,0.003768
2025-10-16T12:28:44.749329Z,7953,,,,,,,,,,,,,,,,,,,,,,,,,,,,,,,,,-391.568,-10.915,-96.779,233.452,-0.013443,-0.001827,-0.016198,0.003976
2025-10-16T12:28:44.849763Z,8053,,,,,,,,,,,,,,,,,,,,,,,,,,,,,,,,,-396.937,-9.219,-97.167,226.176,-0.013627,-0.001543,-0.016263,0.003854
2025-10-16T12:28:44.947548Z,8151,,,,,,,,,,,,,,,,,,,,,,,,,,,,,,,,,-356.118,-6.906,-94.868,227.38,-0.012226,-0.001156,-0.015878,0.003874
2025-10-16T12:28:45.055633Z,8259,,,,,,,,,,,,,,,,,,,,,,,,,,,,,,,,,-335.307,-9.755,-95.133,228.443,-0.011512,-0.001633,-0.015922,0.003892
2025-10-16T12:28:45.145157Z,8348,,,,,,,,,,,,,,,,,,,,,,,,,,,,,,,,,-341.939,-11.03,-97.441,225.3,-0.011739,-0.001846,-0.016308,0.003839
2025-10-16T12:28:45.255074Z,8458,,,,,,,,,,,,,,,,,,,,,,,,,,,,,,,,,-316.509,-15.269,-99.08,225.972,-0.010866,-0.002556,-0.016583,0.00385
2025-10-16T12:28:45.355457Z,8559,,,,,,,,,,,,,,,,,,,,,,,,,,,,,,,,,-358.533,-16.427,-99.333,225.628,-0.012309,-0.002749,-0.016625,0.003844
2025-10-16T12:28:45.455103Z,8658,,,,,,,,,,,,,,,,,,,,,,,,,,,,,,,,,-370.313,-16.323,-101.481,244.617,-0.012713,-0.002732,-0.016985,0.004164
2025-10-16T12:28:45.553061Z,8756,,,,,,,,,,,,,,,,,,,,,,,,,,,,,,,,,-389.13,-14.855,-100.9,246.47,-0.013359,-0.002486,-0.016887,0.004195
2025-10-16T12:28:45.657003Z,8860,,,,,,,,,,,,,,,,,,,,,,,,,,,,,,,,,-378.438,-15.57,-96.454,239.154,-0.012992,-0.002606,-0.016143,0.004072
2025-10-16T12:28:45.751902Z,8955,,,,,,,,,,,,,,,,,,,,,,,,,,,,,,,,,-392.939,-18.675,-94.799,235.815,-0.01349,-0.003126,-0.015866,0.004016
2025-10-16T12:28:45.850337Z,9054,,,,,,,,,,,,,,,,,,,,,,,,,,,,,,,,,-320.073,-17.984,-97.088,225.242,-0.010988,-0.00301,-0.016249,0.003838
2025-10-16T12:28:45.951031Z,9154,,,,,,,,,,,,,,,,,,,,,,,,,,,,,,,,,-377.125,-13.083,-101.448,228.694,-0.012947,-0.00219,-0.016979,0.003896
2025-10-16T12:28:46.050076Z,9253,,,,,,,,,,,,,,,,,,,,,,,,,,,,,,,,,-329.279,-8.925,-104.199,230.86,-0.011305,-0.001494,-0.017439,0.003932
2025-10-16T12:28:46.167751Z,9371,,,,,,,,,,,,,,,,,,,,,,,,,,,,,,,,,-318.188,-10.37,-102.628,231.597,-0.010924,-0.001736,-0.017176,0.003945
2025-10-16T12:28:46.250321Z,9454,,,,,,,,,,,,,,,,,,,,,,,,,,,,,,,,,-341.419,-12.478,-103.127,244.393,-0.011721,-0.002088,-0.01726,0.00416
2025-10-16T12:28:46.353580Z,9557,,,,,,,,,,,,,,,,,,,,,,,,,,,,,,,,,-301.93,-14.2,-100.327,247.006,-0.010366,-0.002377,-0.016791,0.004204
2025-10-16T12:28:46.453536Z,9657,,,,,,,,,,,,,,,,,,,,,,,,,,,,,,,,,-342.493,-12.647,-103.418,238.196,-0.011758,-0.002117,-0.017309,0.004056
2025-10-16T12:28:46.552637Z,9756,,,,,,,,,,,,,,,,,,,,,,,,,,,,,,,,,-354.462,-12.416,-107.329,232.46,-0.012169,-0.002078,-0.017963,0.003959
2025-10-16T12:28:46.660596Z,9864,,,,,,,,,,,,,,,,,,,,,,,,,,,,,,,,,-370.202,-10.915,-108.524,230.153,-0.012709,-0.001827,-0.018163,0.003921
2025-10-16T12:28:46.762605Z,9966,,,,,,,,,,,,,,,,,,,,,,,,,,,,,,,,,-396.086,-11.83,-106.925,240.22,-0.013598,-0.00198,-0.017896,0.00409
2025-10-16T12:28:46.870312Z,10074,,,,,,,,,,,,,,,,,,,,,,,,,,,,,,,,,-402.602,-11.028,-107.799,235.844,-0.013822,-0.001846,-0.018042,0.004016
2025-10-16T12:28:46.977222Z,10180,,,,,,,,,,,,,,,,,,,,,,,,,,,,,,,,,-419.614,-6.667,-107.514,227.314,-0.014406,-0.001116,-0.017994,0.003873
2025-10-16T12:28:47.060082Z,10263,,,,,,,,,,,,,,,,,,,,,,,,,,,,,,,,,-417.802,-4.63,-106.623,223.059,-0.014344,-0.000775,-0.017845,0.003801
2025-10-16T12:28:47.157878Z,10361,,,,,,,,,,,,,,,,,,,,,,,,,,,,,,,,,-418.499,-6.094,-109.616,222.292,-0.014368,-0.00102,-0.018346,0.003788
2025-10-16T12:28:47.275726Z,10479,,,,,,,,,,,,,,,,,,,,,,,,,,,,,,,,,-416.789,-6.245,-111.679,233.38,-0.014309,-0.001045,-0.018691,0.003975
2025-10-16T12:28:47.375279Z,10579,,,,,,,,,,,,,,,,,,,,,,,,,,,,,,,,,-419.183,-7.551,-112.331,235.277,-0.014391,-0.001264,-0.018801,0.004007
2025-10-16T12:28:47.445316Z,10649,,,,,,,,,,,,,,,,,,,,,,,,,,,,,,,,,-423.997,-10.233,-111.765,226.409,-0.014556,-0.001713,-0.018706,0.003858
2025-10-16T12:28:47.555368Z,10759,,,,,,,,,,,,,,,,,,,,,,,,,,,,,,,,,-425.592,-9.726,-111.022,229.261,-0.014611,-0.001628,-0.018581,0.003906
2025-10-16T12:28:47.673071Z,10876,,,,,,,,,,,,,,,,,,,,,,,,,,,,,,,,,-360.319,-9.747,-108.684,229.451,-0.01237,-0.001631,-0.01819,0.003909
2025-10-16T12:28:47.762008Z,10965,,,,,,,,,,,,,,,,,,,,,,,,,,,,,,,,,-426.391,-9.228,-109.707,237.564,-0.014639,-0.001545,-0.018361,0.004045
2025-10-16T12:28:47.871334Z,11075,,,,,,,,,,,,,,,,,,,,,,,,,,,,,,,,,-421.161,-8.864,-108.427,239.343,-0.014459,-0.001484,-0.018147,0.004075
2025-10-16T12:28:47.971486Z,11175,,,,,,,,,,,,,,,,,,,,,,,,,,,,,,,,,-423.674,-9.324,-105.167,249.194,-0.014545,-0.00156,-0.017602,0.004241
2025-10-16T12:28:48.072003Z,11275,,,,,,,,,,,,,,,,,,,,,,,,,,,,,,,,,-422.728,-8.954,-104.561,239.114,-0.014513,-0.001499,-0.0175,0.004071
2025-10-16T12:28:48.163026Z,11366,,,,,,,,,,,,,,,,,,,,,,,,,,,,,,,,,-336.25,-8.162,-102.25,227.805,-0.011544,-0.001366,-0.017113,0.003881
2025-10-16T12:28:48.263814Z,11467,,,,,,,,,,,,,,,,,,,,,,,,,,,,,,,,,-355.155,-9.008,-100.27,225.576,-0.012193,-0.001508,-0.016782,0.003844
2025-10-16T12:28:48.362852Z,11566,,,,,,,,,,,,,,,,,,,,,,,,,,,,,,,,,-368.11,-9.551,-98.833,235.864,-0.012638,-0.001598,-0.016541,0.004017
2025-10-16T12:28:48.471540Z,11675,,,,,,,,,,,,,,,,,,,,,,,,,,,,,,,,,-305.205,-10.532,-97.766,238.395,-0.010478,-0.001763,-0.016363,0.004059
2025-10-16T12:28:48.586305Z,11790,,,,,,,,,,,,,,,,,,,,,,,,,,,,,,,,,-347.426,-11.022,-98.903,241.013,-0.011928,-0.001845,-0.016553,0.004103
2025-10-16T12:28:48.684004Z,11887,,,,,,,,,,,,,,,,,,,,,,,,,,,,,,,,,-331.644,-8.928,-100.274,230.184,-0.011386,-0.001494,-0.016782,0.003921
2025-10-16T12:28:48.766246Z,11969,,,,,,,,,,,,,,,,,,,,,,,,,,,,,,,,,-311.843,-9.373,-100.357,229.118,-0.010706,-0.001569,-0.016796,0.003903
2025-10-16T12:28:48.870991Z,12074,,,,,,,,,,,,,,,,,,,,,,,,,,,,,,,,,-332.646,-8.59,-102.481,236.035,-0.01142,-0.001438,-0.017152,0.004019
2025-10-16T12:28:48.981852Z,12185,,,,,,,,,,,,,,,,,,,,,,,,,,,,,,,,,-332.929,-12.172,-104.887,253.008,-0.01143,-0.002037,-0.017555,0.004305
2025-10-16T12:28:49.088483Z,12292,,,,,,,,,,,,,,,,,,,,,,,,,,,,,,,,,-320.415,-13.035,-103.04,233.279,-0.011,-0.002182,-0.017245,0.003973
2025-10-16T12:28:49.174664Z,12378,,,,,,,,,,,,,,,,,,,,,,,,,,,,,,,,,-345.587,-12.653,-104.001,233.853,-0.011864,-0.002118,-0.017406,0.003983
2025-10-16T12:28:49.280975Z,12484,,,,,,,,,,,,,,,,,,,,,,,,,,,,,,,,,-327.902,-11.68,-105.104,240.364,-0.011257,-0.001955,-0.017591,0.004092
2025-10-16T12:28:49.375772Z,12579,,,,,,,,,,,,,,,,,,,,,,,,,,,,,,,,,-335.711,-9.378,-105.207,226.276,-0.011525,-0.00157,-0.017608,0.003855
2025-10-16T12:28:49.493111Z,12696,,,,,,,,,,,,,,,,,,,,,,,,,,,,,,,,,-327.273,-7.059,-105.084,225.721,-0.011236,-0.001182,-0.017588,0.003846
2025-10-16T12:28:49.582775Z,12786,,,,,,,,,,,,,,,,,,,,,,,,,,,,,,,,,-318.984,-5.849,-105.078,219.019,-0.010951,-0.000979,-0.017587,0.003733
2025-10-16T12:28:49.677708Z,12881,,,,,,,,,,,,,,,,,,,,,,,,,,,,,,,,,-318.387,-3.581,-103.46,219.938,-0.010931,-0.000599,-0.017316,0.003749
2025-10-16T12:28:49.780829Z,12984,,,,,,,,,,,,,,,,,,,,,,,,,,,,,,,,,-302.557,-0.543,-99.623,217.799,-0.010387,-9.1e-05,-0.016674,0.003713
2025-10-16T12:28:49.884218Z,13087,,,,,,,,,,,,,,,,,,,,,,,,,,,,,,,,,-346.08,-0.807,-98.205,202.081,-0.011881,-0.000135,-0.016436,0.003448
2025-10-16T12:28:50.000517Z,13204,,,,,,,,,,,,,,,,,,,,,,,,,,,,,,,,,-313.486,2.13,-95.656,206.243,-0.010762,0.000357,-0.01601,0.003518
2025-10-16T12:28:50.068161Z,13271,,,,,,,,,,,,,,,,,,,,,,,,,,,,,,,,,-348.121,2.227,-97.743,214.024,-0.011951,0.000373,-0.016359,0.003649
2025-10-16T12:28:50.166618Z,13370,,,,,,,,,,,,,,,,,,,,,,,,,,,,,,,,,-337.196,-2.079,-98.926,227.609,-0.011576,-0.000348,-0.016557,0.003878
2025-10-16T12:28:50.267239Z,13470,,,,,,,,,,,,,,,,,,,,,,,,,,,,,,,,,-321.031,-3.446,-98.418,230.912,-0.011021,-0.000577,-0.016472,0.003933
2025-10-16T12:28:50.369800Z,13573,,,,,,,,,,,,,,,,,,,,,,,,,,,,,,,,,-344.693,-4.136,-96.43,230.498,-0.011834,-0.000692,-0.016139,0.003926
2025-10-16T12:28:50.486656Z,13690,,,,,,,,,,,,,,,,,,,,,,,,,,,,,,,,,-332.82,-4.87,-97.406,233.551,-0.011426,-0.000815,-0.016302,0.003978
2025-10-16T12:28:50.589137Z,13792,,,,,,,,,,,,,,,,,,,,,,,,,,,,,,,,,-347.517,-4.042,-97.601,233.229,-0.011931,-0.000676,-0.016335,0.003972
2025-10-16T12:28:50.686472Z,13890,,,,,,,,,,,,,,,,,,,,,,,,,,,,,,,,,-342.259,-5.497,-97.994,223.468,-0.01175,-0.00092,-0.016401,0.003808
2025-10-16T12:28:50.780949Z,13984,,,,,,,,,,,,,,,,,,,,,,,,,,,,,,,,,-342.298,-1.041,-99.777,212.628,-0.011752,-0.000174,-0.016699,0.003626
2025-10-16T12:28:50.888159Z,14091,,,,,,,,,,,,,,,,,,,,,,,,,,,,,,,,,-320.634,-1.519,-99.203,208.091,-0.011008,-0.000254,-0.016603,0.003549
2025-10-16T12:28:51.003103Z,14206,,,,,,,,,,,,,,,,,,,,,,,,,,,,,,,,,-346.467,0.065,-99.164,205.647,-0.011895,1.1e-05,-0.016597,0.003508
2025-10-16T12:28:51.084803Z,14288,,,,,,,,,,,,,,,,,,,,,,,,,,,,,,,,,-316.2,1.546,-102.601,207.997,-0.010856,0.000259,-0.017172,0.003548
2025-10-16T12:28:51.186827Z,14390,,,,,,,,,,,,,,,,,,,,,,,,,,,,,,,,,-307.389,5.708,-103.393,212.655,-0.010553,0.000955,-0.017305,0.003626
2025-10-16T12:28:51.285684Z,14489,,,,,,,,,,,,,,,,,,,,,,,,,,,,,,,,,-334.063,9.319,-102.981,214.705,-0.011469,0.00156,-0.017236,0.003661
2025-10-16T12:28:51.384962Z,14588,,,,,,,,,,,,,,,,,,,,,,,,,,,,,,,,,-329.321,10.568,-105.558,218.401,-0.011306,0.001769,-0.017667,0.003723
2025-10-16T12:28:51.471735Z,14675,,,,,,,,,,,,,,,,,,,,,,,,,,,,,,,,,-311.891,9.653,-109.488,206.379,-0.010708,0.001616,-0.018325,0.003521
2025-10-16T12:28:51.586417Z,14790,,,,,,,,,,,,,,,,,,,,,,,,,,,,,,,,,-346.099,2.793,-110.529,211.383,-0.011882,0.000468,-0.018499,0.003605
2025-10-16T12:28:51.689118Z,14892,,,,,,,,,,,,,,,,,,,,,,,,,,,,,,,,,-356.678,1.259,-107.611,204.979,-0.012245,0.000211,-0.018011,0.003497
2025-10-16T12:28:51.778917Z,14982,,,,,,,,,,,,,,,,,,,,,,,,,,,,,,,,,-327.259,-1.029,-107.834,202.529,-0.011235,-0.000172,-0.018048,0.003456
2025-10-16T12:28:51.886083Z,15089,,,,,,,,,,,,,,,,,,,,,,,,,,,,,,,,,-338.691,-3.416,-107.684,207.237,-0.011628,-0.000572,-0.018023,0.003535
2025-10-16T12:28:52.003380Z,15207,,,,,,,,,,,,,,,,,,,,,,,,,,,,,,,,,-304.125,-7.79,-108.598,213.097,-0.010441,-0.001304,-0.018176,0.003634
2025-10-16T12:28:52.075931Z,15279,,,,,,,,,,,,,,,,,,,,,,,,,,,,,,,,,-347.022,-8.423,-106.997,217.56,-0.011914,-0.00141,-0.017908,0.003709
2025-10-16T12:28:52.185337Z,15389,,,,,,,,,,,,,,,,,,,,,,,,,,,,,,,,,-317.077,-9.65,-105.619,216.368,-0.010886,-0.001615,-0.017677,0.003689
2025-10-16T12:28:52.277346Z,15481,,,,,,,,,,,,,,,,,,,,,,,,,,,,,,,,,-327.525,-7.257,-106.11,211.243,-0.011244,-0.001215,-0.017759,0.003602
2025-10-16T12:28:52.396058Z,15599,,,,,,,,,,,,,,,,,,,,,,,,,,,,,,,,,-303.289,-4.002,-106.284,205.799,-0.010412,-0.00067,-0.017788,0.003511
2025-10-16T12:28:52.478970Z,15682,,,,,,,,,,,,,,,,,,,,,,,,,,,,,,,,,-328.883,-6.913,-106.546,211.051,-0.011291,-0.001157,-0.017832,0.003599
2025-10-16T12:28:52.603230Z,15806,,,,,,,,,,,,,,,,,,,,,,,,,,,,,,,,,-303.936,-7.059,-107.016,208.578,-0.010435,-0.001181,-0.017911,0.003558
2025-10-16T12:28:52.696560Z,15900,,,,,,,,,,,,,,,,,,,,,,,,,,,,,,,,,-308.161,-8.01,-108.15,213.956,-0.01058,-0.001341,-0.018101,0.003648
2025-10-16T12:28:52.791161Z,15994,,,,,,,,,,,,,,,,,,,,,,,,,,,,,,,,,-334.959,-6.97,-108.487,208.774,-0.0115,-0.001166,-0.018157,0.003561
2025-10-16T12:28:52.880111Z,16083,,,,,,,,,,,,,,,,,,,,,,,,,,,,,,,,,-310.235,-4.853,-107.176,207.49,-0.010651,-0.000812,-0.017938,0.003539
2025-10-16T12:28:53.001629Z,16205,,,,,,,,,,,,,,,,,,,,,,,,,,,,,,,,,-335.039,-1.031,-107.836,207.988,-0.011502,-0.000173,-0.018048,0.003548
2025-10-16T12:28:53.109162Z,16312,,,,,,,,,,,,,,,,,,,,,,,,,,,,,,,,,-326.501,-2.214,-110.334,217.206,-0.011209,-0.000371,-0.018466,0.003703
2025-10-16T12:28:53.194720Z,16398,,,,,,,,,,,,,,,,,,,,,,,,,,,,,,,,,-315.624,-3.525,-109.788,214.294,-0.010836,-0.00059,-0.018375,0.003654
2025-10-16T12:28:53.296425Z,16500,,,,,,,,,,,,,,,,,,,,,,,,,,,,,,,,,-323.354,-3.862,-108.025,214.78,-0.011101,-0.000646,-0.01808,0.003662
2025-10-16T12:28:53.392894Z,16596,,,,,,,,,,,,,,,,,,,,,,,,,,,,,,,,,-328.833,-4.31,-106.903,216.842,-0.011289,-0.000721,-0.017892,0.003697
2025-10-16T12:28:53.491317Z,16695,,,,,,,,,,,,,,,,,,,,,,,,,,,,,,,,,-345.622,-4.437,-105.84,214.934,-0.011866,-0.000743,-0.017714,0.003665
2025-10-16T12:28:53.599033Z,16802,,,,,,,,,,,,,,,,,,,,,,,,,,,,,,,,,-359.262,-4.158,-104.392,213.024,-0.012334,-0.000696,-0.017472,0.003632
2025-10-16T12:28:53.698127Z,16901,,,,,,,,,,,,,,,,,,,,,,,,,,,,,,,,,-349.232,-4.483,-105.123,217.327,-0.01199,-0.00075,-0.017594,0.003705
2025-10-16T12:28:53.818233Z,17021,,,,,,,,,,,,,,,,,,,,,,,,,,,,,,,,,-358.501,-4.589,-109.583,226.931,-0.012308,-0.000768,-0.018341,0.003866
2025-10-16T12:28:53.917264Z,17121,,,,,,,,,,,,,,,,,,,,,,,,,,,,,,,,,-332.325,-5.677,-114.608,217.757,-0.011409,-0.00095,-0.019182,0.003712
2025-10-16T12:28:54.018169Z,17221,,,,,,,,,,,,,,,,,,,,,,,,,,,,,,,,,-338.164,-4.034,-112.719,216.301,-0.01161,-0.000675,-0.018865,0.003687
2025-10-16T12:28:54.100148Z,17303,,,,,,,,,,,,,,,,,,,,,,,,,,,,,,,,,-321.29,-4.494,-110.947,216.587,-0.01103,-0.000752,-0.018569,0.003692
2025-10-16T12:28:54.199611Z,17403,,,,,,,,,,,,,,,,,,,,,,,,,,,,,,,,,-355.94,-4.149,-112.605,217.745,-0.01222,-0.000694,-0.018846,0.003712
2025-10-16T12:28:54.286125Z,17489,,,,,,,,,,,,,,,,,,,,,,,,,,,,,,,,,-322.886,-6.436,-114.451,220.813,-0.011085,-0.001077,-0.019155,0.003763
2025-10-16T12:28:54.420434Z,17624,,,,,,,,,,,,,,,,,,,,,,,,,,,,,,,,,-332.992,-6.34,-114.666,226.509,-0.011432,-0.001061,-0.019191,0.003859
2025-10-16T12:28:54.495691Z,17699,,,,,,,,,,,,,,,,,,,,,,,,,,,,,,,,,-301.383,-3.602,-114.266,223.411,-0.010347,-0.000603,-0.019124,0.003807
2025-10-16T12:28:54.606020Z,17809,,,,,,,,,,,,,,,,,,,,,,,,,,,,,,,,,-306.009,-1.289,-116.257,230.834,-0.010506,-0.000216,-0.019457,0.003932
2025-10-16T12:28:54.697082Z,17900,,,,,,,,,,,,,,,,,,,,,,,,,,,,,,,,,-269.17,-2.024,-114.063,224.435,-0.009241,-0.000339,-0.01909,0.003824
2025-10-16T12:28:54.787922Z,17991,,,,,,,,,,,,,,,,,,,,,,,,,,,,,,,,,-324.698,-3.048,-113.84,227.367,-0.011147,-0.00051,-0.019053,0.003874
2025-10-16T12:28:54.903216Z,18106,,,,,,,,,,,,,,,,,,,,,,,,,,,,,,,,,-326.623,-4.542,-114.86,220.393,-0.011213,-0.00076,-0.019224,0.003756
2025-10-16T12:28:55.004021Z,18207,,,,,,,,,,,,,,,,,,,,,,,,,,,,,,,,,-308.161,-6.01,-114.945,221.619,-0.01058,-0.001006,-0.019238,0.003777
2025-10-16T12:28:55.103201Z,18306,,,,,,,,,,,,,,,,,,,,,,,,,,,,,,,,,-349.636,-7.694,-113.592,216.218,-0.012003,-0.001288,-0.019011,0.003686
2025-10-16T12:28:55.219807Z,18423,,,,,,,,,,,,,,,,,,,,,,,,,,,,,,,,,-375.265,-7.955,-110.811,217.498,-0.012883,-0.001331,-0.018546,0.003708
2025-10-16T12:28:55.319587Z,18523,,,,,,,,,,,,,,,,,,,,,,,,,,,,,,,,,-300.487,-7.04,-110.414,214.654,-0.010316,-0.001178,-0.01848,0.00366
2025-10-16T12:28:55.391489Z,18595,,,,,,,,,,,,,,,,,,,,,,,,,,,,,,,,,-325.485,-6.789,-107.038,224.847,-0.011174,-0.001136,-0.017915,0.003831
2025-10-16T12:28:55.501877Z,18705,,,,,,,,,,,,,,,,,,,,,,,,,,,,,,,,,-307.673,-7.726,-104.906,219.97,-0.010563,-0.001293,-0.017558,0.003749
2025-10-16T12:28:55.592329Z,18796,,,,,,,,,,,,,,,,,,,,,,,,,,,,,,,,,-340.619,-8.408,-103.68,223.726,-0.011694,-0.001407,-0.017353,0.003812
2025-10-16T12:28:55.719733Z,18923,,,,,,,,,,,,,,,,,,,,,,,,,,,,,,,,,-322.381,-10.031,-103.748,222.712,-0.011068,-0.001679,-0.017364,0.003795
2025-10-16T12:28:55.795997Z,18999,,,,,,,,,,,,,,,,,,,,,,,,,,,,,,,,,-329.305,-10.328,-103.788,221.601,-0.011305,-0.001729,-0.017371,0.003777
2025-10-16T12:28:55.908736Z,19112,,,,,,,,,,,,,,,,,,,,,,,,,,,,,,,,,-335.403,-9.059,-103.597,225.217,-0.011515,-0.001516,-0.017339,0.003837
2025-10-16T12:28:56.025437Z,19229,,,,,,,,,,,,,,,,,,,,,,,,,,,,,,,,,-325.017,-11.155,-105.99,214.63,-0.011158,-0.001867,-0.017739,0.003659
2025-10-16T12:28:56.094231Z,19297,,,,,,,,,,,,,,,,,,,,,,,,,,,,,,,,,-363.473,-13.727,-109.587,210.279,-0.012478,-0.002297,-0.018341,0.003586
2025-10-16T12:28:56.205885Z,19409,,,,,,,,,,,,,,,,,,,,,,,,,,,,,,,,,-307.959,-15.711,-110.442,220.386,-0.010573,-0.002629,-0.018484,0.003756
2025-10-16T12:28:56.310668Z,19514,,,,,,,,,,,,,,,,,,,,,,,,,,,,,,,,,-349.602,-14.253,-110.913,229.463,-0.012002,-0.002386,-0.018563,0.003909
2025-10-16T12:28:56.406807Z,19610,,,,,,,,,,,,,,,,,,,,,,,,,,,,,,,,,-320.475,-16.261,-109.651,228.643,-0.011002,-0.002722,-0.018352,0.003895
2025-10-16T12:28:56.507360Z,19711,,,,,,,,,,,,,,,,,,,,,,,,,,,,,,,,,-331.507,-15.669,-109.68,221.89,-0.011381,-0.002622,-0.018357,0.003782
2025-10-16T12:28:56.624942Z,19828,,,,,,,,,,,,,,,,,,,,,,,,,,,,,,,,,-350.977,-17.637,-108.964,224.073,-0.012049,-0.002952,-0.018237,0.003818
2025-10-16T12:28:56.695669Z,19899,,,,,,,,,,,,,,,,,,,,,,,,,,,,,,,,,-327.456,-13.382,-110.659,234.116,-0.011242,-0.00224,-0.018521,0.003987
2025-10-16T12:28:56.807793Z,20011,,,,,,,,,,,,,,,,,,,,,,,,,,,,,,,,,-328.979,-9.809,-112.435,232.545,-0.011294,-0.001642,-0.018818,0.003961
2025-10-16T12:28:56.907762Z,20111,,,,,,,,,,,,,,,,,,,,,,,,,,,,,,,,,-352.499,-7.251,-114.727,221.62,-0.012102,-0.001214,-0.019202,0.003777
2025-10-16T12:28:57.006830Z,20210,,,,,,,,,,,,,,,,,,,,,,,,,,,,,,,,,-341.31,-9.37,-115.371,211.872,-0.011718,-0.001568,-0.019309,0.003613
2025-10-16T12:28:57.108525Z,20312,,,,,,,,,,,,,,,,,,,,,,,,,,,,,,,,,-338.551,-12.126,-113.938,213.269,-0.011623,-0.00203,-0.01907,0.003636
2025-10-16T12:28:57.198738Z,20402,,,,,,,,,,,,,,,,,,,,,,,,,,,,,,,,,-310.719,-14.884,-113.908,231.754,-0.010667,-0.002491,-0.019064,0.003947
2025-10-16T12:28:57.299823Z,20503,,,,,,,,,,,,,,,,,,,,,,,,,,,,,,,,,-322.348,-13.622,-110.389,233.031,-0.011067,-0.00228,-0.018476,0.003969
2025-10-16T12:28:57.417143Z,20620,,,,,,,,,,,,,,,,,,,,,,,,,,,,,,,,,-348.956,-13.897,-111.781,241.327,-0.01198,-0.002326,-0.018709,0.004108
2025-10-16T12:28:57.514523Z,20718,,,,,,,,,,,,,,,,,,,,,,,,,,,,,,,,,-311.74,-11.272,-108.426,206.113,-0.010702,-0.001887,-0.018147,0.003516
2025-10-16T12:28:57.615585Z,20819,,,,,,,,,,,,,,,,,,,,,,,,,,,,,,,,,-353.014,-10.237,-107.912,230.009,-0.012119,-0.001713,-0.018061,0.003918
2025-10-16T12:28:57.699406Z,20903,,,,,,,,,,,,,,,,,,,,,,,,,,,,,,,,,-352.217,-7.921,-107.647,234.933,-0.012092,-0.001326,-0.018016,0.004001
2025-10-16T12:28:57.816963Z,21020,,,,,,,,,,,,,,,,,,,,,,,,,,,,,,,,,-348.694,-4.386,-108.439,234.362,-0.011971,-0.000734,-0.018149,0.003991
2025-10-16T12:28:57.918646Z,21122,,,,,,,,,,,,,,,,,,,,,,,,,,,,,,,,,-323.223,-8.373,-109.555,234.612,-0.011097,-0.001401,-0.018336,0.003996
2025-10-16T12:28:58.034921Z,21238,,,,,,,,,,,,,,,,,,,,,,,,,,,,,,,,,-324.993,-7.528,-109.259,223.118,-0.011157,-0.00126,-0.018286,0.003802
2025-10-16T12:28:58.134462Z,21338,,,,,,,,,,,,,,,,,,,,,,,,,,,,,,,,,-352.413,-7.249,-106.552,220.964,-0.012099,-0.001213,-0.017833,0.003766
2025-10-16T12:28:58.214257Z,21418,,,,,,,,,,,,,,,,,,,,,,,,,,,,,,,,,-330.092,-6.98,-106.852,224.069,-0.011332,-0.001168,-0.017884,0.003818
2025-10-16T12:28:58.312474Z,21516,,,,,,,,,,,,,,,,,,,,,,,,,,,,,,,,,-331.007,-8.247,-105.242,223.378,-0.011364,-0.00138,-0.017614,0.003807
2025-10-16T12:28:58.420135Z,21623,,,,,,,,,,,,,,,,,,,,,,,,,,,,,,,,,-335.071,-10.503,-106.415,211.478,-0.011503,-0.001758,-0.01781,0.003606
2025-10-16T12:28:58.522966Z,21726,,,,,,,,,,,,,,,,,,,,,,,,,,,,,,,,,-331.71,-12.631,-108.474,222.471,-0.011388,-0.002114,-0.018155,0.003791
2025-10-16T12:28:58.619084Z,21822,,,,,,,,,,,,,,,,,,,,,,,,,,,,,,,,,-322.99,-12.393,-109.279,227.907,-0.011089,-0.002074,-0.01829,0.003883
2025-10-16T12:28:58.718033Z,21921,,,,,,,,,,,,,,,,,,,,,,,,,,,,,,,,,-316.802,-13.599,-108.048,231.603,-0.010876,-0.002276,-0.018084,0.003945
2025-10-16T12:28:58.833898Z,22037,,,,,,,,,,,,,,,,,,,,,,,,,,,,,,,,,-340.861,-13.436,-106.33,221.885,-0.011702,-0.002249,-0.017796,0.003781
2025-10-16T12:28:58.959394Z,22163,,,,,,,,,,,,,,,,,,,,,,,,,,,,,,,,,-325.253,-12.004,-107.374,218.428,-0.011166,-0.002009,-0.017971,0.003723
2025-10-16T12:28:59.036455Z,22240,,,,,,,,,,,,,,,,,,,,,,,,,,,,,,,,,-312.759,-16.095,-107.892,222.498,-0.010737,-0.002694,-0.018058,0.003792
2025-10-16T12:28:59.122858Z,22326,,,,,,,,,,,,,,,,,,,,,,,,,,,,,,,,,-295.187,-17.5,-104.607,227.882,-0.010134,-0.002929,-0.017508,0.003882
2025-10-16T12:28:59.208796Z,22412,,,,,,,,,,,,,,,,,,,,,,,,,,,,,,,,,-339.789,-17.309,-107.218,229.712,-0.011665,-0.002897,-0.017945,0.003913
2025-10-16T12:28:59.327664Z,22531,,,,,,,,,,,,,,,,,,,,,,,,,,,,,,,,,-348.169,-16.904,-107.618,228.623,-0.011953,-0.002829,-0.018012,0.003895
2025-10-16T12:28:59.428766Z,22632,,,,,,,,,,,,,,,,,,,,,,,,,,,,,,,,,-315.356,-14.843,-109.608,230.053,-0.010827,-0.002484,-0.018345,0.003919
2025-10-16T12:28:59.512101Z,22715,,,,,,,,,,,,,,,,,,,,,,,,,,,,,,,,,-338.696,-14.525,-111.075,237.757,-0.011628,-0.002431,-0.01859,0.004048
2025-10-16T12:28:59.611868Z,22815,,,,,,,,,,,,,,,,,,,,,,,,,,,,,,,,,-346.288,-12.123,-110.895,239.41,-0.011888,-0.002029,-0.01856,0.004076
2025-10-16T12:28:59.742665Z,22946,,,,,,,,,,,,,,,,,,,,,,,,,,,,,,,,,-291.677,-13.904,-109.036,237.123,-0.010014,-0.002327,-0.018249,0.004038
2025-10-16T12:28:59.836488Z,23040,,,,,,,,,,,,,,,,,,,,,,,,,,,,,,,,,-325.785,-12.052,-105.828,248.412,-0.011185,-0.002017,-0.017712,0.004228
2025-10-16T12:29:00.000232Z,23203,,,,,,,,,,,,,,,,,,,,,,,,,,,,,,,,,-304.141,-10.946,-103.143,239.048,-0.010442,-0.001832,-0.017263,0.00407
2025-10-16T12:29:00.015416Z,23219,,,,,,,,,,,,,,,,,,,,,,,,,,,,,,,,,-336.313,-11.139,-99.779,238.606,-0.011546,-0.001864,-0.0167,0.004063
2025-10-16T12:29:00.126827Z,23330,,,,,,,,,,,,,,,,,,,,,,,,,,,,,,,,,-336.911,-10.515,-101.934,236.61,-0.011567,-0.00176,-0.01706,0.004029
2025-10-16T12:29:00.229365Z,23433,,,,,,,,,,,,,,,,,,,,,,,,,,,,,,,,,-325.832,-8.862,-101.587,229.23,-0.011186,-0.001483,-0.017002,0.003905
2025-10-16T12:29:00.314429Z,23518,,,,,,,,,,,,,,,,,,,,,,,,,,,,,,,,,-314.868,-13.175,-102.073,226.528,-0.01081,-0.002205,-0.017084,0.00386
2025-10-16T12:29:00.443103Z,23646,,,,,,,,,,,,,,,,,,,,,,,,,,,,,,,,,-349.252,-10.539,-102.364,235.936,-0.01199,-0.001764,-0.017132,0.004018
2025-10-16T12:29:00.521181Z,23724,,,,,,,,,,,,,,,,,,,,,,,,,,,,,,,,,-328.416,-12.755,-102.448,243.458,-0.011275,-0.002135,-0.017146,0.004144
2025-10-16T12:29:00.637843Z,23841,,,,,,,,,,,,,,,,,,,,,,,,,,,,,,,,,-329.014,-10.269,-102.606,241.649,-0.011295,-0.001719,-0.017173,0.004114
2025-10-16T12:29:00.725608Z,23929,,,,,,,,,,,,,,,,,,,,,,,,,,,,,,,,,-361.473,-9.726,-101.34,243.956,-0.01241,-0.001628,-0.016961,0.004153
2025-10-16T12:29:00.815865Z,24019,,,,,,,,,,,,,,,,,,,,,,,,,,,,,,,,,-337.815,-7.076,-102.276,254.797,-0.011598,-0.001184,-0.017118,0.004335
2025-10-16T12:29:00.926657Z,24130,,,,,,,,,,,,,,,,,,,,,,,,,,,,,,,,,-355.956,-6.407,-103.946,253.086,-0.01222,-0.001072,-0.017397,0.004306
2025-10-16T12:29:01.039203Z,24242,,,,,,,,,,,,,,,,,,,,,,,,,,,,,,,,,-335.536,-4.585,-101.058,243.317,-0.011519,-0.000767,-0.016914,0.004142
2025-10-16T12:29:01.145961Z,24349,,,,,,,,,,,,,,,,,,,,,,,,,,,,,,,,,-375.254,-6.807,-102.045,244.37,-0.012883,-0.001139,-0.017079,0.00416
2025-10-16T12:29:01.229697Z,24433,,,,,,,,,,,,,,,,,,,,,,,,,,,,,,,,,-404.807,-6.312,-103.114,251.577,-0.013898,-0.001056,-0.017258,0.004281
2025-10-16T12:29:01.329215Z,24532,,,,,,,,,,,,,,,,,,,,,,,,,,,,,,,,,-426.039,-3.514,-102.343,254.449,-0.014626,-0.000588,-0.017129,0.004329
2025-10-16T12:29:01.446298Z,24650,,,,,,,,,,,,,,,,,,,,,,,,,,,,,,,,,-412.458,-3.388,-102.627,246.618,-0.01416,-0.000567,-0.017176,0.004197
2025-10-16T12:29:01.552964Z,24756,,,,,,,,,,,,,,,,,,,,,,,,,,,,,,,,,-420.19,-2.96,-104.531,243.39,-0.014426,-0.000495,-0.017495,0.004143
2025-10-16T12:29:01.651956Z,24855,,,,,,,,,,,,,,,,,,,,,,,,,,,,,,,,,-407.43,-5.478,-104.748,248.348,-0.013988,-0.000917,-0.017531,0.004227
2025-10-16T12:29:01.750334Z,24954,,,,,,,,,,,,,,,,,,,,,,,,,,,,,,,,,-357.345,-7.14,-104.697,245.711,-0.012268,-0.001195,-0.017523,0.004182
2025-10-16T12:29:01.819787Z,25023,,,,,,,,,,,,,,,,,,,,,,,,,,,,,,,,,-338.171,-5.488,-103.082,246.656,-0.01161,-0.000919,-0.017252,0.004198
2025-10-16T12:29:01.953063Z,25156,,,,,,,,,,,,,,,,,,,,,,,,,,,,,,,,,-363.302,-6.533,-100.025,246.213,-0.012473,-0.001093,-0.016741,0.004191
2025-10-16T12:29:02.030983Z,25234,,,,,,,,,,,,,,,,,,,,,,,,,,,,,,,,,-298.988,-9.25,-100.327,253.09,-0.010265,-0.001548,-0.016791,0.004306
2025-10-16T12:29:02.118685Z,25322,,,,,,,,,,,,,,,,,,,,,,,,,,,,,,,,,-359.655,-14.277,-99.76,251.512,-0.012347,-0.002389,-0.016697,0.00428
2025-10-16T12:29:02.218523Z,25422,,,,,,,,,,,,,,,,,,,,,,,,,,,,,,,,,-362.645,-15.495,-101.569,257.184,-0.01245,-0.002593,-0.016999,0.004375
2025-10-16T12:29:02.334591Z,25538,,,,,,,,,,,,,,,,,,,,,,,,,,,,,,,,,-304.411,-18.922,-103.279,244.372,-0.010451,-0.003167,-0.017286,0.00416
2025-10-16T12:29:02.434773Z,25638,,,,,,,,,,,,,,,,,,,,,,,,,,,,,,,,,-322.692,-19.719,-102.914,238.463,-0.011078,-0.0033,-0.017224,0.00406
2025-10-16T12:29:02.536725Z,25740,,,,,,,,,,,,,,,,,,,,,,,,,,,,,,,,,-417.152,-21.75,-99.894,238.201,-0.014321,-0.00364,-0.016719,0.004056
2025-10-16T12:29:02.650260Z,25854,,,,,,,,,,,,,,,,,,,,,,,,,,,,,,,,,-424.505,-18.867,-102.876,233.709,-0.014574,-0.003158,-0.017218,0.00398
2025-10-16T12:29:02.728977Z,25932,,,,,,,,,,,,,,,,,,,,,,,,,,,,,,,,,-420.661,-17.771,-104.262,231.729,-0.014442,-0.002974,-0.01745,0.003947
2025-10-16T12:29:02.834394Z,26038,,,,,,,,,,,,,,,,,,,,,,,,,,,,,,,,,-383.262,-16.992,-103.998,236.182,-0.013158,-0.002844,-0.017406,0.004022
2025-10-16T12:29:02.950585Z,26154,,,,,,,,,,,,,,,,,,,,,,,,,,,,,,,,,-305.302,-17.405,-102.689,232.014,-0.010481,-0.002913,-0.017187,0.003952
2025-10-16T12:29:03.049284Z,26253,,,,,,,,,,,,,,,,,,,,,,,,,,,,,,,,,-326.292,-15.643,-102.147,236.891,-0.011202,-0.002618,-0.017096,0.004034
2025-10-16T12:29:03.136095Z,26339,,,,,,,,,,,,,,,,,,,,,,,,,,,,,,,,,-317.387,-15.841,-101.462,238.215,-0.010896,-0.002651,-0.016981,0.004056
2025-10-16T12:29:03.252253Z,26455,,,,,,,,,,,,,,,,,,,,,,,,,,,,,,,,,-343.235,-15.234,-101.947,229.109,-0.011784,-0.00255,-0.017062,0.003903
2025-10-16T12:29:03.336980Z,26540,,,,,,,,,,,,,,,,,,,,,,,,,,,,,,,,,-323.491,-11.531,-102.336,226.721,-0.011106,-0.00193,-0.017128,0.003863
2025-10-16T12:29:03.432711Z,26636,,,,,,,,,,,,,,,,,,,,,,,,,,,,,,,,,-330.294,-11.649,-107.477,226.847,-0.011339,-0.00195,-0.017988,0.003865
2025-10-16T12:29:03.546161Z,26749,,,,,,,,,,,,,,,,,,,,,,,,,,,,,,,,,-346.09,-13.424,-110.604,236.567,-0.011882,-0.002247,-0.018511,0.004028
2025-10-16T12:29:03.633548Z,26837,,,,,,,,,,,,,,,,,,,,,,,,,,,,,,,,,-328.421,-13.502,-111.027,228.192,-0.011275,-0.00226,-0.018582,0.003888
2025-10-16T12:29:03.752702Z,26956,,,,,,,,,,,,,,,,,,,,,,,,,,,,,,,,,-348.672,-12.631,-109.99,235.541,-0.01197,-0.002114,-0.018409,0.004011
2025-10-16T12:29:03.835943Z,27039,,,,,,,,,,,,,,,,,,,,,,,,,,,,,,,,,-304.389,-10.629,-109.233,233.655,-0.01045,-0.001779,-0.018282,0.003979
2025-10-16T12:29:03.926744Z,27130,,,,,,,,,,,,,,,,,,,,,,,,,,,,,,,,,-332.366,-8.733,-107.939,229.893,-0.011411,-0.001462,-0.018065,0.003916
2025-10-16T12:29:04.026629Z,27230,,,,,,,,,,,,,,,,,,,,,,,,,,,,,,,,,-333.374,-5.324,-107.897,233.016,-0.011445,-0.000891,-0.018058,0.003969
2025-10-16T12:29:04.153942Z,27357,,,,,,,,,,,,,,,,,,,,,,,,,,,,,,,,,-322.376,-4.776,-107.135,225.91,-0.011068,-0.000799,-0.017931,0.003849
2025-10-16T12:29:04.254601Z,27458,,,,,,,,,,,,,,,,,,,,,,,,,,,,,,,,,-358.344,-6.251,-105.113,223.365,-0.012302,-0.001046,-0.017592,0.003806
2025-10-16T12:29:04.328094Z,27531,,,,,,,,,,,,,,,,,,,,,,,,,,,,,,,,,-341.278,-3.168,-107.784,228.874,-0.011717,-0.00053,-0.018039,0.003899
2025-10-16T12:29:04.443829Z,27647,,,,,,,,,,,,,,,,,,,,,,,,,,,,,,,,,-327.878,-2.913,-107.714,216.727,-0.011256,-0.000488,-0.018028,0.003695
2025-10-16T12:29:04.542122Z,27745,,,,,,,,,,,,,,,,,,,,,,,,,,,,,,,,,-360.095,-1.242,-108.417,223.782,-0.012363,-0.000208,-0.018145,0.003813
2025-10-16T12:29:04.628821Z,27832,,,,,,,,,,,,,,,,,,,,,,,,,,,,,,,,,-311.186,-1.7,-108.125,212.302,-0.010683,-0.000285,-0.018097,0.00362
2025-10-16T12:29:04.727284Z,27931,,,,,,,,,,,,,,,,,,,,,,,,,,,,,,,,,-321.787,1.617,-107.714,202.42,-0.011047,0.000271,-0.018028,0.003454
2025-10-16T12:29:04.842395Z,28046,,,,,,,,,,,,,,,,,,,,,,,,,,,,,,,,,-329.053,-0.953,-106.895,202.553,-0.011297,-0.00016,-0.017891,0.003456
2025-10-16T12:29:04.943014Z,28146,,,,,,,,,,,,,,,,,,,,,,,,,,,,,,,,,-353.882,-1.2,-103.683,201.437,-0.012149,-0.000201,-0.017353,0.003437
2025-10-16T12:29:05.059185Z,28263,,,,,,,,,,,,,,,,,,,,,,,,,,,,,,,,,-327.84,1.781,-103.913,202.865,-0.011255,0.000298,-0.017392,0.003461
2025-10-16T12:29:05.159560Z,28363,,,,,,,,,,,,,,,,,,,,,,,,,,,,,,,,,-329.64,-0.934,-100.709,211.155,-0.011317,-0.000156,-0.016855,0.003601
2025-10-16T12:29:05.243101Z,28446,,,,,,,,,,,,,,,,,,,,,,,,,,,,,,,,,-353.334,-3.656,-101.035,216.228,-0.01213,-0.000612,-0.01691,0.003686
2025-10-16T12:29:05.351850Z,28555,,,,,,,,,,,,,,,,,,,,,,,,,,,,,,,,,-331.764,-3.971,-105.936,218.546,-0.01139,-0.000665,-0.01773,0.003725
2025-10-16T12:29:05.442503Z,28646,,,,,,,,,,,,,,,,,,,,,,,,,,,,,,,,,-346.024,-5.352,-106.191,216.765,-0.011879,-0.000896,-0.017773,0.003695
2025-10-16T12:29:05.563095Z,28766,,,,,,,,,,,,,,,,,,,,,,,,,,,,,,,,,-301.038,-6.203,-102.422,216.725,-0.010335,-0.001038,-0.017142,0.003695
2025-10-16T12:29:05.646797Z,28850,,,,,,,,,,,,,,,,,,,,,,,,,,,,,,,,,-339.4,-8.349,-100.702,209.654,-0.011652,-0.001397,-0.016854,0.003576
2025-10-16T12:29:05.748492Z,28952,,,,,,,,,,,,,,,,,,,,,,,,,,,,,,,,,-338.714,-9.889,-100.708,219.969,-0.011628,-0.001655,-0.016855,0.003749
2025-10-16T12:29:05.850966Z,29054,,,,,,,,,,,,,,,,,,,,,,,,,,,,,,,,,-323.869,-11.709,-99.857,237.324,-0.011119,-0.00196,-0.016713,0.004041
2025-10-16T12:29:05.940599Z,29144,,,,,,,,,,,,,,,,,,,,,,,,,,,,,,,,,-340.718,-12.572,-99.521,240.296,-0.011697,-0.002104,-0.016656,0.004091
2025-10-16T12:29:06.050316Z,29254,,,,,,,,,,,,,,,,,,,,,,,,,,,,,,,,,-335.591,-9.614,-98.344,223.989,-0.011521,-0.001609,-0.01646,0.003817
2025-10-16T12:29:06.139127Z,29342,,,,,,,,,,,,,,,,,,,,,,,,,,,,,,,,,-311.082,-9.566,-98.252,221.12,-0.01068,-0.001601,-0.016444,0.003769
2025-10-16T12:29:06.239673Z,29443,,,,,,,,,,,,,,,,,,,,,,,,,,,,,,,,,-345.956,-12.175,-103.399,211.64,-0.011877,-0.002038,-0.017306,0.003609
2025-10-16T12:29:06.343020Z,29546,,,,,,,,,,,,,,,,,,,,,,,,,,,,,,,,,-351.537,-12.662,-105.759,215.449,-0.012069,-0.002119,-0.0177,0.003673
2025-10-16T12:29:06.453959Z,29657,,,,,,,,,,,,,,,,,,,,,,,,,,,,,,,,,-315.832,-11.607,-102.22,215.898,-0.010843,-0.001943,-0.017108,0.003681
2025-10-16T12:29:06.559077Z,29762,,,,,,,,,,,,,,,,,,,,,,,,,,,,,,,,,-332.949,-13.153,-100.016,228.838,-0.011431,-0.002201,-0.016739,0.003898
2025-10-16T12:29:06.669572Z,29873,,,,,,,,,,,,,,,,,,,,,,,,,,,,,,,,,-309.834,-14.438,-101.341,241.7,-0.010637,-0.002416,-0.016961,0.004115
2025-10-16T12:29:06.744376Z,29948,,,,,,,,,,,,,,,,,,,,,,,,,,,,,,,,,-314.513,-14.877,-100.352,243.281,-0.010798,-0.00249,-0.016796,0.004141
2025-10-16T12:29:06.866266Z,30070,,,,,,,,,,,,,,,,,,,,,,,,,,,,,,,,,-336.878,-17.297,-102.414,240.173,-0.011565,-0.002895,-0.017141,0.004089
2025-10-16T12:29:06.956057Z,30159,,,,,,,,,,,,,,,,,,,,,,,,,,,,,,,,,-335.412,-16.003,-104.999,234.598,-0.011515,-0.002678,-0.017573,0.003995
2025-10-16T12:29:07.050708Z,30254,,,,,,,,,,,,,,,,,,,,,,,,,,,,,,,,,-342.668,-13.422,-104.339,235.487,-0.011764,-0.002246,-0.017463,0.00401
2025-10-16T12:29:07.161050Z,30364,,,,,,,,,,,,,,,,,,,,,,,,,,,,,,,,,-343.604,-10.261,-103.72,224.693,-0.011796,-0.001717,-0.017359,0.003829
2025-10-16T12:29:07.252845Z,30456,,,,,,,,,,,,,,,,,,,,,,,,,,,,,,,,,-319.654,-10.802,-101.217,216.951,-0.010974,-0.001808,-0.01694,0.003698
2025-10-16T12:29:07.355655Z,30559,,,,,,,,,,,,,,,,,,,,,,,,,,,,,,,,,-333.329,-9.333,-101.702,217.415,-0.011444,-0.001562,-0.017022,0.003706
2025-10-16T12:29:07.452326Z,30656,,,,,,,,,,,,,,,,,,,,,,,,,,,,,,,,,-347.141,-14.052,-100.043,222.628,-0.011918,-0.002352,-0.016744,0.003794
2025-10-16T12:29:07.564353Z,30768,,,,,,,,,,,,,,,,,,,,,,,,,,,,,,,,,-329.616,-15.516,-97.511,229.633,-0.011316,-0.002597,-0.01632,0.003912
2025-10-16T12:29:07.648750Z,30852,,,,,,,,,,,,,,,,,,,,,,,,,,,,,,,,,-357.561,-15.018,-94.549,226.004,-0.012275,-0.002514,-0.015824,0.003851
2025-10-16T12:29:07.758989Z,30962,,,,,,,,,,,,,,,,,,,,,,,,,,,,,,,,,-317.659,-17.432,-92.367,228.218,-0.010906,-0.002918,-0.015459,0.003888
2025-10-16T12:29:07.852403Z,31056,,,,,,,,,,,,,,,,,,,,,,,,,,,,,,,,,-322.201,-17.211,-92.104,229.464,-0.011062,-0.00288,-0.015415,0.003909
2025-10-16T12:29:07.960070Z,31163,,,,,,,,,,,,,,,,,,,,,,,,,,,,,,,,,-342.958,-15.814,-94.445,220.54,-0.011774,-0.002647,-0.015807,0.003759
2025-10-16T12:29:08.065457Z,31269,,,,,,,,,,,,,,,,,,,,,,,,,,,,,,,,,-325.589,-16.092,-94.99,215.655,-0.011178,-0.002693,-0.015898,0.003677
2025-10-16T12:29:08.167591Z,31371,,,,,,,,,,,,,,,,,,,,,,,,,,,,,,,,,-323.766,-18.293,-95.805,209.321,-0.011115,-0.003062,-0.016035,0.00357
2025-10-16T12:29:08.255421Z,31459,,,,,,,,,,,,,,,,,,,,,,,,,,,,,,,,,-353.563,-20.826,-96.072,204.784,-0.012138,-0.003486,-0.016079,0.003494
2025-10-16T12:29:08.353113Z,31556,,,,,,,,,,,,,,,,,,,,,,,,,,,,,,,,,-337.397,-16.115,-95.669,221.387,-0.011583,-0.002697,-0.016012,0.003773
2025-10-16T12:29:08.486899Z,31690,,,,,,,,,,,,,,,,,,,,,,,,,,,,,,,,,-350.535,-12.169,-97.008,228.418,-0.012034,-0.002037,-0.016236,0.003891
2025-10-16T12:29:08.557299Z,31761,,,,,,,,,,,,,,,,,,,,,,,,,,,,,,,,,-338.438,-13.235,-100.741,220.07,-0.011619,-0.002215,-0.016861,0.003751
2025-10-16T12:29:08.674637Z,31878,,,,,,,,,,,,,,,,,,,,,,,,,,,,,,,,,-335.035,-16.227,-103.217,219.289,-0.011502,-0.002716,-0.017275,0.003738
2025-10-16T12:29:08.758865Z,31962,,,,,,,,,,,,,,,,,,,,,,,,,,,,,,,,,-339.526,-13.067,-102.872,223.341,-0.011656,-0.002187,-0.017217,0.003806
2025-10-16T12:29:08.869048Z,32072,,,,,,,,,,,,,,,,,,,,,,,,,,,,,,,,,-319.874,-8.651,-102.556,219.024,-0.010982,-0.001448,-0.017164,0.003733
